<?xml version="1.0"	 encoding="UTF-8"?>
<!DOCTYPE mapper PUBLIC "-//mybatis.org/DTD Mapper 3.0//EN" "http://mybatis.org/dtd/mybatis-3-mapper.dtd" >
<!-- 에약 게시판 mapper.xml : 이재준 -->
<mapper namespace="org.lee.mapper.NpResBoardMapper">
	<select id="getList" resultType="org.lee.domain.NpResBoardVO">
	 select * from npresboard 
	</select>

  	<insert id="insertSelectKey">
		<selectKey keyProperty="resBno" order="BEFORE"
			resultType="long"> <!-- 설정된 기본키를 가져오는 selectKey order는 먼저 하겠다. -->
			select SEQ_NPRESBOARD.nextval from dual
		</selectKey>
		insert into npresboard(resbno, title, content,status, writer)
		values(#{resBno},#{title},#{content},#{status},#{writer})
	</insert>
	
	<select id="read" resultType="org.lee.domain.NpResBoardVO"> <!-- BoardVO를 반환타입으로 하는 read()메소드가 잇어야 실행가능 -->
		select * from npresboard where resBno=#{resBno}
	</select>

	<delete id="delete">
		delete from npresboard where resBno=#{resBno}
	</delete>

	<update id="update">
		update npresboard set title= #{title}, content=#{content},status=#{status}, writer=#{writer}, updateDate=sysdate where resBno=#{resBno}
	</update>
	
	<select id="getListWithPaging"
		resultType="org.lee.domain.NpResBoardVO">
	<![CDATA[
	
	select *
	from 
		(
	select /*+INDEX_DESC(npresboard pk_resBoard)*/
    rownum rn, resbno, title, content, regdate, updateDate, status, writer, replycnt
    from npresboard
    where 
   
    rownum<=#{pageNum}*#{amount}
    )
    where rn>(#{pageNum}-1)*#{amount}
	]]>
	</select>
	
	<select id="getTotalCount" resultType="int">
		select count(*)
		from npresboard
		where resBno>0
	</select>
	<update id="updateReplyCnt">
		update npresboard
		set replyCnt = replyCnt +#{amount}
		where resBno = #{resBno}
	</update>
	 
</mapper>
