<?xml version="1.0" encoding="UTF-8"?>
<!DOCTYPE mapper PUBLIC "-//mybatis.org/DTD Mapper 3.0//EN" "http://mybatis.org/dtd/mybatis-3-mapper.dtd" >
<!-- 예약게시판 이미지 mapper.xml : 이재준 -->
<mapper namespace="org.lee.mapper.NpResBoardImageMapper">
 	<insert id="insert">
	insert into NP_RESBOARD_IMAGE(uuid, uploadpath, filename,resBno)
	values(#{uuid}, #{uploadPath}, #{fileName}, #{resBno})
	</insert>
	
	<delete id="delete">
	delete from NP_RESBOARD_IMAGE where uuid=#{uuid}
	</delete>
	
	<select id="findByResBno" resultType="org.lee.domain.NpResBoardImageVO">
	select * from NP_RESBOARD_IMAGE where resBno=#{resBno}
	
	</select>
	
	<delete id="deleteAll">
	delete from NP_RESBOARD_IMAGE where resBno=#{resBno}
	</delete>
	
	<select id="getOldFile" resultType="org.lee.domain.NpResBoardImageVO">
	select* from NP_RESBOARD_IMAGE where uploadpath=to_char(sysdate-1,'yyyy/mm/dd')
	 </select>
</mapper>
