<?xml version="1.0" encoding="UTF-8"?>
<!DOCTYPE mapper PUBLIC "-//mybatis.org/DTD Mapper 3.0//EN" "http://mybatis.org/dtd/mybatis-3-mapper.dtd" >

<!-- 예약게시판 댓글 mapper.xml : 이재준 -->
<mapper namespace="org.lee.mapper.NpResReplyMapper">

	<!-- <insert id="insert">
		insert into np_resreply(resrno, reply, replyer,resBno)
		values(seq_npresreply.nextval, #{reply}, #{replyer}, #{resBno} )
	</insert> -->
	
	<insert id="insertSelectKey">
		<selectKey keyProperty="resRno" order="BEFORE"
			resultType="long"> <!-- 설정된 기본키를 가져오는 selectKey order는 먼저 하겠다. -->
			select seq_npresreply.nextval from dual
		</selectKey>
		insert into np_resreply(resrno, reply, REPLYER,resBno,replyDate, updateDate)
		values(#{resRno}, #{reply}, #{replyer}, #{resBno},sysdate,sysdate)
	</insert>

	<select id="read" resultType="org.lee.domain.NpResReplyVO">
		select * from np_resreply where
		resrno=#{resRno}
	</select>

	<delete id="delete">
		delete from np_resreply where resrno=#{resRno}
	</delete>

	<update id="update">
		update np_resreply set reply=#{reply}
		
		where resrno=#{resRno}
	</update>

	<select id="getListWithPaging" resultType="org.lee.domain.NpResReplyVO">
		<![CDATA[
	select resrno, resbno, reply, replyer, replyDate, updateDate
	from
	(
	select /*+INDEX(np_resreply idx_resreply)*/
	rownum rn , resbno, resrno, reply, replyer,replyDate,updateDate
	from np_resreply
	where resbno=#{resBno} 
		and resrno>0
		and rownum  <= #{cri.pageNum}*#{cri.amount}
	)
		where rn> (#{cri.pageNum}-1)* #{cri.amount}
		]]>
	</select>
	
	<select id="getCountByBno" resultType="int">
	select count(*) from np_resreply where resbno = #{resBno}
	</select>
</mapper>