<?xml version="1.0" encoding="UTF-8"?>
<!DOCTYPE mapper PUBLIC "-//mybatis.org/DTD Mapper 3.0//EN" "http://mybatis.org/dtd/mybatis-3-mapper.dtd" >
<!-- 스케쥴관리 mapper.xml : 이재준 -->
<mapper namespace="org.np.mapper.NpCalendarMapper">
<select id="getCalList" resultType="org.np.domain.NpCalendarDTO">
<!-- select schedule_code,title, TO_CHAR(start_date,'YYYY-MM-DD') as start_date,TO_CHAR(end_date,'YYYY-MM-DD') as end_date from npcalendar -->

select resNo, restitle, TO_CHAR(resDate,'yyyy-MM-dd')as resdate, restime, resprice, reslocation, penalty from np_reservation

</select>

<select id="getCount" resultType="int">
	select count(*) from np_reservation
</select>

<select id="artistReservation">
	select * from np_reservation where artist_id=#{artist_Id}
</select>

<select id="custReservation">
	select * from np_reservation where cust_id=#{cust_Id}
</select>

<select id="confirmReservation">
	select * from np_reservation where cust_id=#{cust_Id} and artist_id=#{artist_id}
</select>

<insert id="insert">
		<selectKey keyProperty="resno" resultType="int" order="BEFORE">
			select seq_np_reservation.nextval from dual
		</selectKey>
		insert into np_reservation (resno, restitle, restime, resprice, reslocation, 
		penalty, cust_id, custphone, artist_id, artistphone, addprice)
		values(#{resNo}, #{resTitle}, #{resTitle},#{resPrice},#{resLocation},#{penalty},
		#{cust_Id}, #{custPhone}, #{artist_Id}, #{artistPhone}, #{addPrice})
</insert>

</mapper>
