<?xml version="1.0" encoding="UTF-8"?>
<!DOCTYPE mapper PUBLIC "-//mybatis.org/DTD Mapper 3.0//EN" "http://mybatis.org/dtd/mybatis-3-mapper.dtd" >
<mapper namespace="org.np.mapper.ReqBoardMapper">

<!-- 유선영 - 의뢰게시판 로직 구현 -->

<select id="getListWithPaging" resultType="org.np.domain.ReqBoardVO">
	<![CDATA[
		select
			reqBno, status, title, content, writer, price, location, regdate, hopedate
		from
			(
			select /*+INDEX_DESC(tbl_np_reqBoard pk_np_reqBoard) */
				rownum rn, status, reqBno, title, content, writer, price,  location, regdate, hopedate
			from
				np_reqBoard
			where 
			]]>
			<include refid ="reqCriteria"></include>
		<![CDATA[		
			rownum <= #{pageNum}*#{amount}
			)
		where rn > (#{pageNum}-1)*#{amount} order by reqbno desc
	]]>
</select>

<select id="getTotalCount" resultType="int">
	select count(*) from np_reqBoard
</select>

<select id="read" resultType="org.np.domain.ReqBoardVO">
	SELECT * FROM np_reqBoard WHERE reqBno=#{reqBno}
</select> 

<insert id ="insert">
	insert into np_reqBoard
	(reqBno, status, title, content, writer, price, location, hopeDate)
	values(seq_reqboard.nextval, #{status}, #{title}, #{content}, #{writer}, #{price}, #{location}, #{hopeDate})
</insert> 

<insert id ="insertSelectKey">
	<selectKey keyProperty="reqBno" order="BEFORE" resultType="long">
		select seq_reqBoard.nextval from dual
	</selectKey>
		insert into np_reqBoard
		(reqBno, status, title, content, writer, regDate, price, location, hopeDate)
		values(#{reqBno}, #{status}, #{title}, #{content} ,#{writer}, sysdate, #{price}, #{location}, #{hopeDate})
</insert>

<delete id ="delete">
	delete from np_reqBoard where reqBno = #{reqBno}
</delete>

<update id ="update">
	update np_reqBoard
	set status=#{status}, title=#{title} ,content=#{content}, writer=#{writer}, price=#{price}, location=#{location}, hopeDate=#{hopeDate}
	where reqBno = #{reqBno}  
</update>

<sql id="reqCriteria">
		<trim prefix="(" suffix=") and " prefixOverrides="OR">
			<foreach collection="typeArr" item='type'>
				<trim prefix="OR">
					<choose>
						<when test="type=='T'.toString()"> title like '%' ||#{keyword}||'%'</when>
						<when test="type=='C'.toString()"> content like '%' ||#{keyword}||'%'</when>
					
						
					</choose>
				</trim>
			</foreach>
		</trim>
	</sql>
</mapper>