<?xml version="1.0" encoding="UTF-8"?>
<!DOCTYPE mapper PUBLIC "-//mybatis.org/DTD Mapper 3.0//EN" "http://mybatis.org/dtd/mybatis-3-mapper.dtd" >	
<mapper namespace = "org.np.mapper.ReqBoardAttachMapper">

	<insert id = "insert">
		insert into np_reqBoard_attach (uuid, uploadPath, filename, filetype, reqBno)
		values (#{uuid}, #{uploadPath}, #{fileName}, #{fileType}, #{reqBno})
	</insert>
	
	<delete id = "delete">
		delete from np_reqBoard_attach where uuid = #{uuid}
	</delete>
	
	<delete id = "deleteAll">
		delete from np_reqBoard_attach where reqBno = #{reqBno}
	</delete>
	
	<select id = "findByBno" resultType="org.np.domain.ReqBoardAttachVO">
		select * from np_reqBoard_attach where reqBno = #{reqBno}
	</select>
	
	<select id = "getOldFiles" resultType = "org.np.domain.ReqBoardAttachVO">
		select * from np_reqBoard_attach where uploadpath = to_char(sysdate-1, 'yyyy\mm\dd')
	</select>
	
</mapper>