<?xml version="1.0" encoding="UTF-8"?>
<!DOCTYPE mapper PUBLIC "-//mybatis.org/DTD Mapper 3.0//EN" "http://mybatis.org/dtd/mybatis-3-mapper.dtd" >
<mapper namespace="org.np.mapper.ReqReplyMapper">

	<insert id="insert">
		INSERT INTO np_reqboard_reply(reqrno, reqBno, REPLY, REPLYER, replydate, updatedate)
		VALUES (seq_reqreply.nextval, #{reqBno}, #{reply}, #{replyer}, sysdate, sysdate)
	</insert>
	
	<select id="read" resultType="org.np.domain.ReqReplyVO">
		SELECT * FROM np_reqboard_reply WHERE reqRno = #{reqRno}
	</select>
	
	<delete id="delete">
		DELETE FROM np_reqboard_reply WHERE reqRNO=#{reqRno}
	</delete>
	
	<update id="update">
		UPDATE np_reqboard_reply
		SET reply=#{reply}
		WHERE reqRno=#{reqRno}
	</update>
	
	<select id="getListWithPaging" resultType="org.np.domain.ReqReplyVO">
<!-- 	<![CDATA[
		SELECT reqRno, reqBno, REPLY, REPLYER, REPLYDATE, UPDATEDATE
		FROM 
		(
			select /*+ INDEX(np_reqboard_reply idx_np_reqboard_reply)*/
			rownum rn, reqBno, reqRno, reply, replyer, replyDate, updateDate
			from np_reqboard_reply
			where reqBno=#{reqBno}
			and reqrno>0
			and rownum  <= #{cri.pageNum}*#{cri.amount}
		   )
		      where rn> (#{cri.pageNum}-1)* #{cri.amount}
		]]> -->
		select * from np_reqboard_reply where reqbno = ${reqBno} order by reqrno asc
	</select>
	
	<select id="getCountByBno" resultType="int">
      select count(*) 
      from np_reqboard_reply
      where reqBno=#{reqBno}
      </select>
</mapper>