<?xml version="1.0" encoding="UTF-8"?>
<!DOCTYPE mapper PUBLIC "-//mybatis.org/DTD Mapper 3.0//EN" "http://mybatis.org/dtd/mybatis-3-mapper.dtd" >

<mapper namespace="org.np.mapper.MemberMapper">

 <resultMap type="org.np.domain.MemberVO" id="memberMap">
 <id property="userId" column="userid"/>
 <result property="userId" column="userid"/>
 <result property="userPwd" column="userpwd"/>
 <result property="userName" column="userName"/>
 <result property="regDate" column="regDate"/>
 <result property="updateDate" column="updateDate"/>
 <collection property="authList" resultMap="authMap">
 </collection> 
 </resultMap>

<resultMap type="org.np.domain.AuthVO" id="authMap">
 <result property="userId" column="userId" />
 <result property="auth" column="auth" />
</resultMap>

<select id="read" resultMap="memberMap">
select 
mem.userid, userpwd, username, enabled, regdate, updatedate, auth
from 
tbl_member mem LEFT OUTER JOIN tbl_member_auth auth on mem.userid = auth.userid
where mem.userid = #{userId}

</select>

</mapper>

