<?xml version="1.0" encoding="UTF-8"?>
<beans:beans xmlns="http://www.springframework.org/schema/mvc"
	xmlns:xsi="http://www.w3.org/2001/XMLSchema-instance"
	xmlns:beans="http://www.springframework.org/schema/beans"
	xmlns:context="http://www.springframework.org/schema/context"
	xsi:schemaLocation="http://www.springframework.org/schema/mvc https://www.springframework.org/schema/mvc/spring-mvc.xsd
		http://www.springframework.org/schema/beans https://www.springframework.org/schema/beans/spring-beans.xsd
		http://www.springframework.org/schema/context https://www.springframework.org/schema/context/spring-context.xsd">

	<!-- DispatcherServlet Context: defines this servlet's request-processing infrastructure -->
	
	<!-- Enables the Spring MVC @Controller programming model -->
	<annotation-driven />

	<!-- Handles HTTP GET requests for /resources/** by efficiently serving up static resources in the ${webappRoot}/resources directory -->
	<resources mapping="/resources/**" location="/resources/" />

	<!-- Resolves views selected for rendering by @Controllers to .jsp resources in the /WEB-INF/views directory -->
	<beans:bean class="org.springframework.web.servlet.view.InternalResourceViewResolver">
		<beans:property name="prefix" value="/WEB-INF/views/" />
		<beans:property name="suffix" value=".jsp" />
	</beans:bean>
	
	<context:component-scan base-package="org.np.controller" />
	
	<beans:bean id="multipartResolver" class="org.springframework.web.multipart.support.StandardServletMultipartResolver">
	</beans:bean>
		
	<!-- 다국어 -->
	
	 	<!-- 다국어 -->
	 <beans:bean id="messageSource"  class="org.springframework.context.support.ReloadableResourceBundleMessageSource">
        <!--<beans:property name="basename" value="classpath:messages" />-->
        <beans:property name="basename" value="classpath:locale/messages" /><!--messages 파일이 위치한 폴더에 맞게 수정-->
        <beans:property name="defaultEncoding" value="UTF-8" />
    </beans:bean>
 
    <beans:bean id="localeResolver" class="org.springframework.web.servlet.i18n.CookieLocaleResolver">
        <beans:property name="defaultLocale" value="kr" /> <!--기본 lang값입니다.-->
        <beans:property name="cookieName"   value="myAppLocaleCookie"></beans:property>
        <beans:property name="cookieMaxAge" value="3600"></beans:property>
    </beans:bean>
 
    <interceptors>
        <beans:bean class="org.springframework.web.servlet.i18n.LocaleChangeInterceptor">
            <beans:property name="paramName" value="locale" /><!--다국어 locale값을 보내주는 param명입니다.-->
        </beans:bean>
    </interceptors>
 
<context:component-scan base-package="com.multilang.web" />


	
		
</beans:beans>
