<?xml version="1.0" encoding="UTF-8"?>
<beans xmlns="http://www.springframework.org/schema/beans"
	xmlns:xsi="http://www.w3.org/2001/XMLSchema-instance"
	xmlns:security="http://www.springframework.org/schema/security"
	xsi:schemaLocation="http://www.springframework.org/schema/security http://www.springframework.org/schema/security/spring-security.xsd
		http://www.springframework.org/schema/beans http://www.springframework.org/schema/beans/spring-beans.xsd">

<bean id="customAccessDenied" class="org.np.security.CustomAccessDeniedHandler"></bean>
   <!-- <bean id="customPasswordEncoder" class="org.np.security.CustomNoOpPasswordEncoder"></bean> -->
   <bean id="customLoginSuccess" class="org.np.security.CustomLoginSuccessHandler"></bean>
   <bean id="bcryptPasswordEncoder" class="org.springframework.security.crypto.bcrypt.BCryptPasswordEncoder"/>
   <bean id="customUserDetailsService" class="org.np.security.CustomUserDetailsService"/>

<security:http auto-config="true" use-expressions="true" >
	<!--<security:form-login/>--><!-- login form이 이것 때문에 생기는 것임 -->
	<security:form-login login-page="/index"/>
	<security:logout logout-url="/customLogout" invalidate-session="true" delete-cookies="JSESSION_ID"/> 
	<security:intercept-url pattern="/sample/all" access="permitAll"/>
	<security:intercept-url pattern="/sample/member" access="hasRole('ROLE_MEMBER')"/>
	<security:intercept-url pattern="/sample/admin" access="hasRole('ROLE_ADMIN')"/>
	<!-- <security:access-denied-handler ref="customAccessDenied"/>  -->
	<security:remember-me data-source-ref="dataSource" token-validity-seconds="1814400"/>
</security:http>
<security:authentication-manager>
	<security:authentication-provider user-service-ref="customUserDetailsService">
		<!-- <security:jdbc-user-service data-source-ref="dataSource" 
		users-by-username-query="select userid, userpwd, enabled from tbl_member where userid=?"
		authorities-by-username-query="select userid, auth from tbl_member_auth where userid=?"/>
		<security:user-service>
			<security:user name="member" password="{noop}member" authorities="ROLE_MEMBER"/>
			<security:user name="admin" password="{noop}admin" authorities="ROLE_MEMBER, ROLE_ADMIN"/>
		</security:user-service>-->
		<!-- <security:password-encoder ref="customPasswordEncoder"/>  -->
		<security:password-encoder ref="bcryptPasswordEncoder"/>
	</security:authentication-provider>
</security:authentication-manager>

</beans>
