<?xml version="1.0" encoding="UTF-8"?>
<beans xmlns="http://www.springframework.org/schema/beans"
   xmlns:xsi="http://www.w3.org/2001/XMLSchema-instance"
   xmlns:security="http://www.springframework.org/schema/security"
   xsi:schemaLocation="http://www.springframework.org/schema/security http://www.springframework.org/schema/security/spring-security.xsd
      http://www.springframework.org/schema/beans http://www.springframework.org/schema/beans/spring-beans.xsd">

    <bean id="customAccessDenied" class="org.np.security.CustomAccessDeniedHandler"></bean>
   
  <bean id="customLoginSuccess" class="org.np.security.CustomLoginSuccessHandler"></bean>
    
    
    <bean id="bcryptPasswordEncoder" class="org.springframework.security.crypto.bcrypt.BCryptPasswordEncoder"></bean>
    
   
    <!-- <bean id="customPasswordEncoder" class="org.conan.security.CustomNoOpPasswordEncoder"></bean> -->

 <bean id="customUserDetailsService" class="org.np.security.CustomUserDetailsService"></bean>
  
   <security:http auto-config="true" use-expressions="true">
      <security:intercept-url pattern="/sample/all" access="permitAll" />
      
      <security:intercept-url pattern="/sample/member" access="hasRole('ROLE_MEMBER')" />
      
      <security:intercept-url pattern="/sample/admin" access="hasRole('ROLE_ADMIN')" />
         
      <security:access-denied-handler ref="customAccessDenied"/>      
      
      <!-- 5.31일에 추가함 홈페이지에서 JSESSION_ID 사라졌다가 다시 생김  -->
      <security:logout logout-url="/customLogout" logout-success-url="/" invalidate-session="true" delete-cookies="remember-me, JSESSION_ID"/>
      
      <!-- 5.31일에 추가함 -->
       <!-- <security:form-login login-page="/customLogin"/>  -->
      
     <security:remember-me data-source-ref="dataSource" token-validity-seconds="604800" />
      
      <security:form-login login-page="/customLogin" authentication-success-handler-ref="customLoginSuccess" />
      <!-- <security:access-denied-handler error-page="/accessError"/> -->
      
      <!-- <security:form-login /> -->
      
   </security:http> <!-- 웹페이지 관련 -->





   <security:authentication-manager> <!-- 인증과 권한 등 디테일한 내용 -->
      <security:authentication-provider user-service-ref="customUserDetailsService">
   
        <!--  <security:jdbc-user-service data-source-ref="dataSource" 
         users-by-username-query="select userid, userpwd, enabled from tbl_member where userid=?"
         authorities-by-username-query="select userid, auth from tbl_member_auth where userid=?" /> -->
         
         <security:password-encoder ref="bcryptPasswordEncoder"/>
      </security:authentication-provider>
   </security:authentication-manager>



</beans>